DATE,SW_IN,SW_OUT,LW_IN,LW_OUT,WS,WD,TS_1_1_1,TS_2_1_1,SWC_1_1_1,PA,NETRAD,ALB,FC,G,SG,ET,LE,H,FETCH_MAX
2020-12-08 00:00:00,-14.38,-9.118,235.653,293.858,1.202,275.988,1.395,0.0,6.336,99.376,-63.468,0.0,-0.366,-8.158,1.735,0.006,4.064,-5.346,15.041
2020-12-08 00:30:00,-13.084,-8.534,251.394,294.888,1.209,273.491,1.381,0.0,6.328,99.412,-48.043,0.0,0.607,-11.701,-1.751,0.005,3.824,-6.748,16.295
2020-12-08 01:00:00,-11.809,-9.202,269.194,297.293,1.107,269.539,1.346,0.0,6.319,99.444,-30.706,0.0,0.257,-12.881,-2.715,0.004,2.847,-1.554,5.607
2020-12-08 01:30:00,-11.98,-10.25,268.721,297.965,1.187,249.021,1.32,0.0,6.305,99.458,-30.974,0.0,0.105,-10.191,0.07,0.005,3.565,0.852,13.233
2020-12-08 02:00:00,-12.965,-10.068,265.251,297.224,1.525,261.616,1.326,0.0,6.282,99.454,-34.869,0.0,0.19,-10.508,-0.198,0.009,6.09,2.097,17.437
2020-12-08 02:30:00,-12.38,-9.088,265.083,296.358,2.64,276.962,1.315,0.0,6.259,99.457,-34.567,0.0,1.542,-11.274,-0.926,0.01,6.809,2.528,15.134
2020-12-08 03:00:00,-11.515,-8.993,265.774,296.0,1.832,282.016,1.309,0.0,6.238,99.463,-32.748,0.0,1.217,-10.409,-0.03,0.007,5.087,1.826,13.962
2020-12-08 03:30:00,-11.946,-9.711,268.03,296.047,1.792,288.602,1.306,0.0,6.221,99.476,-30.252,0.0,2.222,-11.039,-0.633,0.006,4.376,3.47,12.226
2020-12-08 04:00:00,-12.151,-9.589,262.373,295.107,1.778,287.516,1.302,0.0,6.197,99.464,-35.296,0.0,0.411,-10.397,0.035,0.008,5.533,4.067,13.138
2020-12-08 04:30:00,-12.275,-9.493,261.284,294.453,1.996,264.72,1.291,0.0,6.167,99.452,-35.951,0.0,-0.043,-11.584,-1.128,0.004,3.119,6.886,17.283
2020-12-08 05:00:00,-13.95,-8.591,222.571,289.141,1.063,253.51,1.32,0.0,6.15,99.447,-71.929,0.0,0.474,-6.499,3.981,0.003,1.908,-7.653,16.201
2020-12-08 05:30:00,-11.4,-9.567,267.195,293.373,1.237,183.012,1.288,0.0,6.131,99.417,-28.011,0.0,1.299,-18.76,-8.258,0.003,2.188,-11.006,15.456
2020-12-08 06:00:00,-10.766,-10.728,280.083,296.59,1.101,177.65,1.199,0.0,6.092,99.407,-16.544,0.0,0.91,-12.291,-1.762,0.01,6.744,4.79,21.522
2020-12-08 06:30:00,-11.156,-11.402,280.832,297.427,1.137,198.794,1.19,0.0,6.062,99.408,-16.35,0.0,1.226,-10.512,0.048,0.009,6.487,0.425,16.756
2020-12-08 07:00:00,-11.268,-10.754,280.601,297.512,1.03,170.636,1.19,0.0,6.033,99.415,-17.426,0.0,0.501,-10.688,-0.098,0.008,5.663,2.981,17.353
2020-12-08 07:30:00,-10.557,-11.26,280.052,297.734,0.87,90.034,1.193,0.0,6.018,99.421,-16.979,0.0,1.295,-10.548,0.065,0.006,4.002,3.566,3.54
2020-12-08 08:00:00,-11.132,-11.09,275.621,296.802,0.954,60.667,1.195,0.0,5.982,99.41,-21.223,0.0,2.156,-10.376,0.251,0.034,23.458,1.475,14.78
2020-12-08 08:30:00,-12.223,-10.192,266.168,294.939,0.883,167.771,1.202,0.0,5.948,99.39,-30.802,0.0,-8.348,-10.359,0.273,0.013,8.734,-3.321,18.407
2020-12-08 09:00:00,-12.732,-10.751,260.717,293.624,1.11,211.475,1.206,0.0,5.916,99.374,-34.888,0.0,3.755,-10.618,0.016,-0.002,-1.224,0.996,17.248
2020-12-08 09:30:00,-12.447,-9.928,256.159,292.458,1.348,254.581,1.201,0.0,5.884,99.367,-38.818,0.0,0.035,-10.794,-0.162,0.006,3.982,-0.376,13.074
2020-12-08 10:00:00,-12.476,-9.101,240.873,289.623,1.173,260.393,1.207,0.0,5.856,99.374,-52.126,0.0,-1.391,-10.961,-0.329,0.002,1.309,0.618,13.114
2020-12-08 10:30:00,-10.604,-10.07,273.068,293.511,0.937,188.771,1.156,0.0,5.824,99.402,-20.977,0.0,1.578,-15.855,-5.219,0.008,5.336,-10.22,19.144
2020-12-08 11:00:00,-11.694,-10.744,282.518,294.812,1.715,240.732,1.104,0.0,5.802,99.417,-13.244,0.0,-0.715,-11.682,-1.037,0.005,3.454,7.844,15.794
2020-12-08 11:30:00,-11.299,-9.88,282.091,293.935,1.619,247.104,1.096,0.0,5.768,99.425,-13.262,0.0,-0.133,-10.338,0.32,0.011,7.669,2.891,15.644
2020-12-08 12:00:00,-11.587,-9.793,276.604,292.522,1.892,274.207,1.11,0.0,5.745,99.438,-17.713,0.0,1.308,-10.223,0.447,0.004,2.848,1.358,12.556
2020-12-08 12:30:00,-11.002,-10.702,330.408,349.034,1.962,281.04,1.108,0.0,5.708,99.46,-18.926,0.0,93.58,-11.945,-1.268,0.027,18.75,43.429,15.491
2020-12-08 13:00:00,0.362,-5.307,278.209,291.834,2.354,278.348,1.09,0.0,5.68,99.485,-7.956,-1.489,0.575,-11.541,-0.865,0.008,5.337,5.411,15.588
2020-12-08 13:30:00,25.466,3.813,276.231,292.049,2.383,281.332,1.066,0.0,5.643,99.495,5.834,0.1,9.327,-12.511,-1.843,0.016,11.253,13.112,15.569
2020-12-08 14:00:00,75.689,25.042,258.788,291.685,2.168,276.082,1.042,0.0,5.617,99.491,17.751,0.322,0.956,-12.444,-1.79,0.009,6.267,10.228,14.74
2020-12-08 14:30:00,125.602,46.401,239.396,290.466,1.876,266.61,1.007,0.0,5.591,99.496,28.13,0.37,6.971,-11.626,-0.993,0.012,8.111,25.604,15.413
2020-12-08 15:00:00,178.161,62.851,231.789,291.178,1.524,262.793,0.995,0.0,5.562,99.504,55.92,0.359,1.379,-16.879,-6.278,0.02,13.607,42.876,16.261
2020-12-08 15:30:00,128.735,47.682,246.192,293.316,1.634,233.082,1.007,0.0,5.531,99.497,33.929,0.369,0.838,-2.904,7.65,0.006,4.22,14.972,17.758
2020-12-08 16:00:00,161.781,58.799,266.32,299.799,1.023,174.505,1.026,0.0,5.52,99.458,69.503,0.363,0.497,-11.709,-1.211,0.012,8.042,18.984,20.949
2020-12-08 16:30:00,119.486,41.154,280.012,300.862,1.4,239.619,1.025,0.0,5.484,99.404,57.482,0.343,3.956,-7.484,2.946,0.014,9.408,24.018,16.672
2020-12-08 17:00:00,93.31,31.779,280.527,300.022,1.317,277.321,1.074,0.0,5.47,99.384,42.036,0.341,1.749,-9.475,0.883,0.013,8.995,25.775,15.974
2020-12-08 17:30:00,93.69,31.543,279.961,300.154,1.217,270.061,1.078,0.0,5.453,99.35,41.954,0.337,6.29,-10.867,-0.577,0.02,13.901,24.855,15.003
2020-12-08 18:00:00,99.416,32.44,279.657,300.557,1.474,220.657,1.065,0.0,5.447,99.332,46.076,0.326,4.453,-10.222,0.003,0.016,10.985,29.549,16.87
2020-12-08 18:30:00,79.532,25.207,279.649,299.641,1.3,224.472,1.078,0.0,5.428,99.325,34.334,0.317,-0.795,-9.511,0.654,0.022,15.527,31.817,15.068
2020-12-08 19:00:00,68.303,21.032,279.027,298.798,1.47,229.624,1.086,0.0,5.427,99.312,27.5,0.308,5.305,-9.698,0.411,0.018,12.353,21.949,14.321
2020-12-08 19:30:00,57.813,17.242,278.832,298.417,1.359,231.698,1.086,0.0,5.42,99.306,20.986,0.298,4.123,-10.451,-0.394,0.015,10.664,21.253,17.388
2020-12-08 20:00:00,41.389,9.184,278.777,297.959,1.216,237.456,1.079,0.0,5.422,99.323,13.022,0.207,7.057,-10.418,-0.409,0.014,9.867,20.65,17.213
2020-12-08 20:30:00,12.996,-3.119,280.516,297.837,1.433,231.799,1.079,0.0,5.422,99.334,-1.205,-0.513,14.907,-9.293,0.67,0.012,8.398,26.898,14.178
2020-12-08 21:00:00,-2.777,-7.676,281.23,297.818,0.827,216.226,1.083,0.0,5.422,99.342,-11.688,-1.479,13.074,-9.922,-0.004,0.013,9.284,9.679,16.72
2020-12-08 21:30:00,-11.683,-10.474,281.717,297.25,0.943,208.562,1.084,0.0,5.418,99.344,-16.741,0.0,-0.313,-9.919,-0.045,0.009,6.504,6.223,17.101
2020-12-08 22:00:00,-12.101,-11.302,281.656,296.163,1.495,221.274,1.086,0.0,5.42,99.374,-15.307,0.0,0.304,-9.727,0.104,0.013,8.882,7.51,15.745
2020-12-08 22:30:00,-11.709,-10.901,281.151,295.517,1.547,222.193,1.087,0.0,5.435,99.392,-15.174,0.0,0.505,-9.666,0.124,0.012,8.521,8.223,13.56
2020-12-08 23:00:00,-11.727,-10.809,282.075,295.603,1.272,215.905,1.081,0.0,5.44,99.393,-14.446,0.0,0.362,-10.522,-0.772,0.009,6.328,5.845,15.047
2020-12-09 00:00:00,-11.49,-10.693,283.138,294.737,1.845,223.134,1.081,0.0,5.448,99.409,-12.395,0.0,0.095,-10.042,-0.365,0.011,7.795,8.137,14.758
2020-12-09 00:30:00,-10.476,-10.21,282.167,293.532,2.218,222.125,1.084,0.0,5.441,99.439,-11.632,0.0,0.11,-9.148,0.181,0.013,8.861,13.634,15.926
2020-12-09 01:00:00,-10.042,-9.814,281.882,293.149,2.171,219.827,1.076,0.0,5.444,99.445,-11.494,0.0,0.364,-9.403,-0.341,0.011,7.73,9.531,15.862
2020-12-09 01:30:00,-10.267,-10.038,280.932,292.471,2.138,221.391,1.076,0.0,5.438,99.448,-11.768,0.0,0.424,-9.187,-0.077,0.01,6.65,11.54,14.005
2020-12-09 02:00:00,-10.271,-10.026,280.356,292.058,2.258,221.665,1.072,0.0,5.429,99.456,-11.947,0.0,0.553,-9.74,-0.625,0.013,8.811,15.675,15.761
2020-12-09 02:30:00,-9.959,-9.541,279.425,291.634,1.975,216.87,1.064,0.0,5.423,99.384,-12.627,0.0,0.414,-9.441,-0.324,0.008,5.808,9.622,13.206
2020-12-09 03:00:00,-11.336,-10.369,279.041,292.255,1.485,211.311,1.052,0.0,5.422,99.339,-14.182,0.0,0.391,-9.875,-0.754,0.01,6.771,10.63,13.104
2020-12-09 03:30:00,-11.41,-10.568,276.19,291.366,1.879,216.279,1.048,0.0,5.411,99.302,-16.018,0.0,1.132,-9.1,0.029,0.018,12.866,12.961,15.192
2020-12-09 04:00:00,-11.133,-9.546,263.762,289.32,1.666,217.702,1.051,0.0,5.394,99.281,-27.145,0.0,0.543,-9.977,-0.836,0.01,7.146,5.296,15.254
2020-12-09 04:30:00,-10.9,-10.555,275.751,290.701,1.617,209.214,1.029,0.0,5.374,99.313,-15.295,0.0,0.441,-9.463,-0.308,0.008,5.384,10.967,14.963
2020-12-09 05:00:00,-12.021,-9.875,248.976,286.91,1.729,218.028,1.044,0.0,5.344,99.316,-40.08,0.0,0.526,-5.941,3.23,0.009,5.95,14.613,13.936
2020-12-09 05:30:00,-12.435,-8.873,235.754,283.513,1.415,220.563,1.094,0.0,5.346,99.303,-51.32,0.0,0.479,-11.075,-1.887,0.006,3.993,1.912,14.837
2020-12-09 06:00:00,-12.363,-9.249,241.692,284.482,1.246,221.201,1.042,0.0,5.321,99.29,-45.904,0.0,0.517,-10.756,-1.548,0.003,2.144,2.407,9.248
2020-12-09 06:30:00,-12.148,-9.765,249.178,285.443,1.322,223.705,1.021,0.0,5.311,99.277,-38.649,0.0,0.459,-10.152,-0.919,0.004,2.587,4.401,14.996
2020-12-09 07:00:00,-13.029,-9.412,233.512,283.138,1.249,231.689,1.014,0.0,5.308,99.259,-53.244,0.0,0.493,-8.549,0.717,0.005,3.808,5.914,7.244
2020-12-09 07:30:00,-13.03,-9.042,224.731,280.842,1.323,237.047,1.025,0.0,5.285,99.237,-60.099,0.0,1.065,-9.636,-0.329,0.003,2.385,-2.101,7.065
2020-12-09 08:00:00,-12.756,-8.603,226.046,280.632,1.196,245.092,1.016,0.0,5.25,99.218,-58.739,0.0,1.488,-10.671,-1.321,0.003,2.14,-6.637,6.583
2020-12-09 08:30:00,-12.298,-9.164,236.538,282.499,1.38,240.995,0.974,0.0,5.222,99.214,-49.095,0.0,1.391,-12.866,-3.47,0.007,4.878,-5.157,7.719
2020-12-09 09:00:00,-11.806,-9.011,246.338,284.268,1.505,239.655,0.926,0.0,5.186,99.198,-40.726,0.0,0.432,-11.312,-1.866,0.004,2.596,-1.812,9.909
2020-12-09 09:30:00,-11.115,-8.924,260.687,287.003,0.926,260.46,0.904,0.0,5.168,99.14,-28.507,0.0,0.424,-10.538,-1.039,0.003,1.952,-1.522,5.047
2020-12-09 10:00:00,-11.018,-9.905,265.548,288.483,0.788,250.572,0.896,0.0,5.144,99.082,-24.047,0.0,0.189,-9.887,-0.333,0.001,0.952,2.041,0.574
2020-12-09 10:30:00,-11.324,-10.019,272.563,290.074,0.974,242.839,0.88,0.0,5.11,99.089,-18.816,0.0,0.235,-10.884,-1.278,0.002,1.564,1.913,3.422
2020-12-09 11:00:00,-10.892,-9.657,276.338,291.609,0.873,240.555,0.866,0.0,5.082,99.069,-16.507,0.0,0.459,-10.657,-1.006,0.009,6.357,9.811,1.491
2020-12-09 11:30:00,-10.032,-10.13,283.207,294.077,0.723,28.35,0.846,0.0,5.058,99.051,-10.772,0.0,0.657,-11.035,-1.352,0.003,2.278,4.58,0.885
2020-12-09 12:00:00,-10.878,-10.917,288.804,296.1,0.868,169.366,0.824,0.0,5.021,99.032,-7.257,0.0,4.588,-10.564,-0.859,0.006,3.907,3.876,0.871
2020-12-09 12:30:00,-8.713,-9.854,290.538,297.791,0.709,195.762,0.82,0.0,4.993,99.008,-6.112,0.0,-7.732,-9.645,0.07,-0.004,-2.498,2.126,17.188
2020-12-09 13:00:00,-5.057,-7.526,298.585,298.476,0.776,167.807,0.816,0.0,4.967,98.992,2.577,0.0,-10.374,-10.33,-0.617,-0.026,-18.286,2.191,15.581
2020-12-09 13:30:00,16.283,1.57,303.035,299.157,0.774,167.697,0.81,0.0,4.931,98.974,18.592,-0.17,,-10.129,-0.428,,,,16.109
2020-12-09 14:00:00,17.742,1.881,300.201,299.826,0.91,167.73,0.812,0.0,4.902,98.955,16.236,0.102,,-8.587,1.091,,,,15.827
2020-12-09 14:30:00,18.462,4.053,301.569,300.623,0.925,178.879,0.838,0.0,4.871,98.922,15.354,0.209,,-8.923,0.725,,,,18.695
2020-12-09 15:00:00,16.082,2.831,301.129,300.817,1.207,188.549,0.845,0.0,4.853,98.899,13.563,0.156,,-8.484,1.12,,,,14.842
2020-12-09 15:30:00,17.05,5.272,297.081,301.848,0.892,189.552,0.852,0.0,4.823,98.882,7.011,0.3,,-10.113,-0.56,,,,1.997
2020-12-09 16:00:00,18.422,5.817,296.516,302.509,0.97,180.116,0.852,0.0,4.804,98.848,6.611,0.315,,-9.462,0.035,,,,15.962
2020-12-09 16:30:00,23.209,8.787,297.876,303.81,0.931,187.257,0.845,0.0,4.781,98.8,8.488,0.374,,-9.968,-0.53,,,,17.9
2020-12-09 17:00:00,17.026,6.082,299.656,305.012,0.83,173.727,0.842,0.0,4.764,98.763,5.588,0.342,,-9.304,0.075,,,,17.4
2020-12-09 17:30:00,17.632,6.875,302.0,306.38,0.947,203.106,0.83,0.0,4.749,98.73,6.377,0.385,,-10.005,-0.681,,,,14.607
2020-12-09 18:00:00,9.563,3.395,304.204,306.685,0.96,198.455,0.843,0.0,4.735,98.704,3.687,0.352,-9.037,-8.274,0.997,-0.006,-4.163,4.38,3.738
2020-12-09 18:30:00,10.306,4.718,311.431,307.06,1.135,201.118,0.859,0.0,4.718,98.688,9.96,0.456,26.703,-8.341,0.879,-0.047,-32.822,13.001,8.564
2020-12-09 19:00:00,7.828,3.334,316.897,307.72,1.124,199.9,0.865,0.0,4.717,98.677,13.671,0.361,,-8.726,0.448,,,,14.172
2020-12-09 19:30:00,4.82,2.813,314.705,307.922,0.929,198.811,0.871,0.0,4.695,98.671,8.79,0.553,,-9.377,-0.249,,,,16.584
2020-12-09 20:00:00,-0.451,-0.525,313.882,308.838,0.873,218.168,0.87,0.0,4.69,98.677,5.119,-0.108,,-8.704,0.382,,,,14.945
2020-12-09 20:30:00,-5.808,-5.353,314.069,308.849,0.883,204.156,0.879,0.0,4.683,98.699,4.766,0.0,,-8.65,0.397,,,,14.735
2020-12-09 21:00:00,-9.391,-7.62,315.996,309.285,0.899,218.14,0.88,0.0,4.68,98.72,4.94,0.0,,-9.045,-0.037,,,,13.766
2020-12-09 21:30:00,-11.797,-9.175,316.925,309.395,1.162,218.908,0.883,0.0,4.681,98.746,4.908,0.0,,-8.871,0.1,,,,8.646
2020-12-09 22:00:00,-11.712,-9.46,316.72,309.685,1.171,224.789,0.887,0.0,4.681,98.779,4.784,0.0,,-8.787,0.148,,,,8.331
2020-12-09 22:30:00,-12.949,-9.693,316.454,310.427,0.9,243.241,0.877,0.0,4.688,98.804,2.771,0.0,,-9.815,-0.914,,,,8.355
2020-12-09 23:00:00,-14.69,-8.995,320.138,314.013,0.761,248.662,0.864,0.0,4.684,98.827,0.43,0.0,,-9.742,-0.876,,,,8.099
2020-12-09 23:30:00,-14.392,-8.767,325.059,315.603,0.84,224.996,0.852,0.0,4.686,98.824,3.831,0.0,,-8.907,-0.075,,,,8.004
2020-12-10 00:00:00,-13.394,-8.616,325.842,315.444,0.638,217.326,0.859,0.0,4.685,98.834,5.62,0.0,,-8.175,0.623,,,,7.183
2020-12-10 00:30:00,-14.753,-9.227,323.31,314.112,1.091,228.067,0.876,0.0,4.691,98.852,3.672,0.0,,-7.606,1.034,,,,5.962
2020-12-10 01:00:00,-14.054,-9.32,321.928,313.318,0.881,225.121,0.881,0.0,4.702,98.859,3.877,0.0,,-8.657,-0.048,,,,14.762
2020-12-10 01:30:00,-14.016,-9.484,322.106,313.485,1.029,232.428,0.876,0.0,4.698,98.862,4.089,0.0,,-9.082,-0.427,,,,7.588
2020-12-10 02:00:00,-14.186,-9.536,322.16,313.743,1.064,229.818,0.876,0.0,4.709,98.87,3.768,0.0,,-8.441,0.201,,,,8.757
2020-12-10 02:30:00,-14.288,-9.106,323.096,313.891,1.208,226.884,0.878,0.0,4.713,98.877,4.024,0.0,,-8.332,0.284,,,,6.124
2020-12-10 03:00:00,-14.504,-9.238,324.227,314.162,1.29,229.384,0.884,0.0,4.72,98.885,4.798,0.0,,-8.232,0.354,,,,15.142
2020-12-10 03:30:00,-13.849,-9.467,325.52,314.034,1.442,227.808,0.889,0.0,4.729,98.904,7.103,0.0,,-8.156,0.398,,,,7.863
2020-12-10 04:00:00,-13.54,-9.112,324.766,313.63,1.715,221.849,0.897,0.0,4.737,98.932,6.708,0.0,,-7.895,0.627,,,,13.972
2020-12-10 04:30:00,-12.227,-9.076,321.864,313.072,1.851,225.297,0.908,0.0,4.745,98.955,5.641,0.0,,-8.322,0.168,,,,13.404
2020-12-10 05:00:00,-12.171,-9.138,319.691,312.172,2.144,230.7,0.912,0.0,4.752,98.973,4.486,0.0,,-7.653,0.805,,,,15.912
2020-12-10 05:30:00,-11.776,-8.944,320.012,311.755,2.086,233.246,0.916,0.0,4.762,99.0,5.425,0.0,1.964,-8.971,-0.545,0.012,8.267,-2.077,14.564
2020-12-10 06:00:00,-11.896,-8.969,321.334,312.021,1.942,225.131,0.907,0.0,4.773,99.02,6.386,0.0,14.575,-8.99,-0.597,0.056,39.055,-4.648,13.91
2020-12-10 06:30:00,-12.571,-8.762,321.716,312.647,1.841,225.196,0.897,0.0,4.776,99.042,5.26,0.0,3.032,-8.535,-0.174,0.017,11.828,-6.888,13.46
2020-12-10 07:00:00,-12.913,-9.51,313.31,313.106,1.92,226.371,0.902,0.0,4.789,99.072,-3.2,0.0,,-8.001,0.329,,,,14.943
2020-12-10 07:30:00,-12.741,-9.328,312.288,313.503,1.935,228.355,0.894,0.0,4.805,99.128,-4.627,0.0,,-9.158,-0.86,,,,14.323
2020-12-10 08:00:00,-12.6,-9.509,312.463,313.855,1.768,232.77,0.891,0.0,4.808,99.169,-4.483,0.0,,-8.004,0.263,,,,13.527
2020-12-10 08:30:00,-12.948,-9.606,312.483,314.229,1.471,228.342,0.899,0.0,4.81,99.212,-5.089,0.0,,-7.353,0.883,,,,14.531
2020-12-10 09:00:00,-13.649,-9.662,298.659,311.907,1.839,228.962,0.924,0.0,4.815,99.247,-17.235,0.0,,-6.878,1.329,,,,14.658
2020-12-10 09:30:00,-13.508,-9.293,308.362,312.294,1.882,223.211,0.917,0.0,4.818,99.305,-8.146,0.0,,-9.65,-1.472,,,,15.034
2020-12-10 10:00:00,-12.958,-8.636,316.072,312.65,1.894,223.641,0.902,0.0,4.835,99.343,-0.899,0.0,,-8.269,-0.119,,,,12.899
2020-12-10 10:30:00,-13.213,-8.407,316.928,312.608,1.849,223.842,0.905,0.0,4.84,99.384,-0.486,0.0,,-7.469,0.654,,,,13.974
2020-12-10 11:00:00,-13.821,-8.981,294.326,307.528,1.939,227.292,0.946,0.0,4.857,99.429,-18.042,0.0,,-4.544,3.552,,,,14.368
2020-12-10 11:30:00,-14.207,-9.106,281.626,305.774,1.633,231.426,0.973,0.0,4.862,99.505,-29.249,0.0,,-10.281,-2.211,,,,13.614
2020-12-10 12:00:00,-14.412,-9.23,272.043,305.757,1.819,233.825,0.937,0.0,4.871,99.567,-38.897,0.0,59.995,-6.524,1.521,-0.011,-7.929,-14.362,15.112
2020-12-10 12:30:00,-12.136,-7.261,248.246,301.883,2.312,236.818,0.956,0.0,4.886,99.606,-58.512,0.0,13.772,-6.823,1.197,0.005,3.176,-37.895,14.572
2020-12-10 13:00:00,0.917,0.884,240.56,300.243,2.285,234.245,0.968,0.0,4.9,99.672,-59.651,0.285,7.224,-8.773,-0.777,0.007,4.805,-46.144,15.83
2020-12-10 13:30:00,18.158,11.361,242.383,300.784,2.307,234.743,0.937,0.0,4.906,99.747,-51.604,0.627,30.786,-9.903,-1.931,0.012,7.985,-38.784,14.454
2020-12-10 14:00:00,171.709,69.868,235.464,304.166,2.237,231.056,0.789,0.0,4.905,99.797,33.139,0.433,-0.854,-21.333,-13.382,0.005,3.423,-10.847,14.516
2020-12-10 14:30:00,252.686,105.985,231.802,306.692,2.403,231.348,0.728,0.0,4.911,99.856,71.81,0.418,38.595,-7.749,0.18,0.036,24.688,19.498,16.271
2020-12-10 15:00:00,142.39,73.254,242.537,306.897,1.994,231.494,0.793,0.0,4.925,99.914,4.775,0.552,8.508,4.451,12.356,0.026,17.938,2.79,15.387
2020-12-10 15:30:00,160.53,96.636,288.522,314.302,1.686,228.387,0.899,0.0,4.936,99.976,38.114,0.602,20.929,-10.157,-2.274,0.021,14.611,13.689,13.657
2020-12-10 16:00:00,175.553,108.277,297.311,317.205,1.582,231.726,0.872,0.0,4.947,99.988,47.381,0.617,11.833,-8.281,-0.418,0.024,16.812,11.249,16.163
2020-12-10 16:30:00,165.199,101.509,300.336,317.777,1.389,227.325,0.88,0.0,4.954,100.012,46.25,0.615,5.885,-7.26,0.581,0.027,18.418,14.339,17.633
2020-12-10 17:00:00,161.262,97.529,302.028,318.126,1.593,227.147,0.885,0.0,4.954,100.027,47.635,0.605,6.738,-7.41,0.411,0.024,16.394,7.905,15.121
2020-12-10 17:30:00,152.514,91.312,302.983,318.073,1.623,221.055,0.905,0.0,4.961,100.052,46.112,0.599,5.659,-6.441,1.359,0.016,11.379,10.004,15.429
2020-12-10 18:00:00,117.319,69.861,304.905,317.911,1.787,227.461,0.925,0.0,4.976,100.075,34.452,0.595,11.621,-6.182,1.598,0.016,11.178,10.823,14.349
2020-12-10 18:30:00,103.094,60.882,304.418,317.639,1.552,229.582,0.938,0.0,4.997,100.107,28.991,0.59,25.725,-7.522,0.238,0.02,13.833,14.517,16.496
2020-12-10 19:00:00,48.513,27.641,304.591,316.078,1.226,227.259,0.955,0.0,5.01,100.132,9.385,0.555,14.388,-6.093,1.648,0.017,11.63,3.905,15.228
2020-12-10 19:30:00,27.15,11.995,305.658,316.274,1.24,229.338,0.972,0.0,5.015,100.162,4.539,0.44,26.052,-7.583,0.138,0.019,13.09,2.154,13.307
2020-12-10 20:00:00,20.678,8.029,306.65,316.386,1.282,231.501,0.962,0.0,5.025,100.183,2.913,0.38,51.178,-8.385,-0.682,0.015,10.44,16.067,15.302
2020-12-10 20:30:00,3.475,-2.577,307.543,315.623,1.793,230.524,0.963,0.0,5.026,100.22,-2.028,-2.197,50.632,-7.061,0.623,0.017,11.796,10.607,14.687
2020-12-10 21:00:00,-4.26,-6.82,305.275,314.144,1.351,234.509,0.971,0.0,5.025,100.265,-6.309,0.0,5.02,-7.69,-0.025,0.019,13.01,-4.045,15.103
2020-12-10 21:30:00,-11.551,-10.901,293.096,311.355,1.136,222.338,0.978,0.0,5.034,100.304,-18.909,0.0,2.82,-6.483,1.164,0.021,14.562,-6.594,15.522
2020-12-10 22:00:00,-14.143,-12.03,281.496,307.98,1.3,228.729,0.998,0.0,5.04,100.364,-28.596,0.0,0.443,-6.223,1.405,0.012,8.175,-6.59,7.104
2020-12-10 22:30:00,-13.612,-11.408,276.604,305.65,1.395,228.078,1.004,0.0,5.055,100.408,-31.249,0.0,1.437,-7.172,0.439,0.016,11.389,-16.07,14.628
2020-12-10 23:00:00,-15.425,-11.201,240.717,296.582,1.232,236.11,1.047,0.0,5.063,100.438,-60.09,0.0,2.215,-3.969,3.624,0.004,2.953,-23.959,5.611
2020-12-10 23:30:00,-15.222,-10.469,232.346,291.389,1.228,240.719,1.078,0.0,5.069,100.453,-63.795,0.0,1.735,-8.075,-0.5,-0.001,-0.843,-26.692,15.104
2020-12-11 00:00:00,-14.861,-10.215,228.713,290.461,1.43,231.575,1.049,0.0,5.082,100.482,-66.394,0.0,3.01,-9.71,-2.152,-0.0,-0.165,-31.976,13.519
2020-12-11 00:30:00,-14.657,-10.031,228.096,289.877,1.648,234.907,1.021,0.0,5.094,100.513,-66.407,0.0,2.818,-8.851,-1.47,0.001,0.841,-29.444,14.173
2020-12-11 01:00:00,-14.411,-10.127,230.008,287.815,1.45,236.439,1.016,0.0,5.098,100.514,-62.092,0.0,3.225,-6.829,0.487,-0.001,-0.956,-33.546,7.247
2020-12-11 01:30:00,-13.431,-10.127,240.537,288.449,1.207,237.332,0.999,0.0,5.103,100.502,-51.217,0.0,1.833,-8.832,-1.461,0.0,0.285,-18.106,10.508
2020-12-11 02:00:00,-12.669,-10.307,260.0,292.233,1.076,241.701,0.964,0.0,5.11,100.506,-34.595,0.0,2.934,-10.847,-3.474,0.004,2.874,-21.061,5.378
2020-12-11 02:30:00,-12.273,-10.794,269.524,295.19,0.944,238.434,0.921,0.0,5.121,100.512,-27.145,0.0,2.342,-8.556,-1.192,0.004,3.092,-12.596,6.673
2020-12-11 03:00:00,-12.545,-11.071,269.129,295.589,1.003,246.299,0.918,0.0,5.134,100.517,-27.934,0.0,1.599,-6.877,0.474,0.004,3.044,-6.957,7.742
2020-12-11 03:30:00,-12.871,-11.509,273.542,297.069,1.13,241.506,0.923,0.0,5.128,100.518,-24.888,0.0,2.653,-7.673,-0.336,0.007,4.525,-12.6,6.657
2020-12-11 04:00:00,-12.111,-11.288,286.58,300.635,1.105,245.056,0.903,0.0,5.144,100.508,-14.878,0.0,0.968,-8.629,-1.308,0.004,2.736,-4.456,7.812
2020-12-11 04:30:00,-12.33,-10.952,282.162,300.316,0.948,257.517,0.909,0.0,5.15,100.507,-19.532,0.0,0.806,-5.369,1.937,0.003,2.336,-3.879,10.327
2020-12-11 05:00:00,-11.989,-11.127,292.511,302.706,0.923,251.561,0.916,0.0,5.165,100.511,-11.057,0.0,1.644,-8.745,-1.454,0.005,3.791,-6.065,7.558
2020-12-11 05:30:00,-10.718,-11.011,297.291,304.593,0.696,256.029,0.9,0.0,5.167,100.517,-7.008,0.0,1.255,-7.337,-0.061,0.006,4.03,-2.281,6.528
2020-12-11 06:00:00,-11.876,-11.492,300.534,305.921,0.709,249.708,0.902,0.0,5.169,100.509,-5.772,0.0,0.729,-6.95,0.31,0.007,4.797,-3.25,4.258
2020-12-11 06:30:00,-12.327,-12.392,302.108,306.518,0.895,233.333,0.906,0.0,5.169,100.499,-4.344,0.0,0.239,-6.996,0.25,0.006,4.127,-1.008,5.856
2020-12-11 07:00:00,-12.089,-12.094,302.826,306.994,0.972,242.286,0.912,0.0,5.17,100.492,-4.163,0.0,0.816,-6.973,0.258,0.008,5.507,-2.232,8.747
2020-12-11 07:30:00,-12.162,-12.027,302.089,307.207,0.929,240.756,0.917,0.0,5.177,100.489,-5.254,0.0,0.148,-6.836,0.38,0.005,3.493,-0.949,8.133
2020-12-11 08:00:00,-11.605,-11.494,298.338,306.967,0.673,246.49,0.921,0.0,5.185,100.47,-8.74,0.0,-0.023,-6.734,0.468,0.003,1.866,-4.06,1.98
2020-12-11 08:30:00,-11.962,-11.875,283.796,303.552,0.627,237.216,0.953,0.0,5.189,100.458,-19.843,0.0,0.194,-4.398,2.789,0.0,0.111,-4.42,16.404
2020-12-11 09:00:00,-12.696,-10.855,287.294,303.755,0.767,286.878,0.969,0.0,5.193,100.429,-18.302,0.0,0.807,-8.448,-1.273,0.002,1.151,-6.675,3.106
2020-12-11 09:30:00,-11.789,-12.107,297.755,306.837,0.777,228.297,0.933,0.0,5.195,100.391,-8.764,0.0,0.174,-9.64,-2.479,0.002,1.241,-2.987,15.953
2020-12-11 10:00:00,-11.731,-12.012,306.633,309.791,0.807,273.65,0.902,0.0,5.201,100.338,-2.877,0.0,0.275,-7.988,-0.84,0.003,2.352,-5.25,0.606
2020-12-11 10:30:00,-11.981,-12.698,309.368,311.408,0.829,36.884,0.898,0.0,5.2,100.313,-1.322,0.0,0.215,-7.13,0.005,0.006,3.944,2.955,16.145
2020-12-11 11:00:00,-11.32,-12.777,309.402,312.182,0.919,145.04,0.902,0.0,5.2,100.299,-1.323,0.0,1.409,-6.55,0.571,-0.008,-5.763,-40.473,15.697
2020-12-11 11:30:00,-11.783,-12.871,309.861,313.171,1.023,331.528,0.907,0.0,5.208,100.274,-2.222,0.0,0.556,-7.202,-0.094,0.006,3.964,-11.122,12.166
2020-12-11 12:00:00,-12.378,-11.826,308.267,314.167,0.865,324.242,0.912,0.0,5.212,100.258,-6.451,0.0,6.222,-5.984,1.112,0.008,5.71,-8.87,15.952
2020-12-11 12:30:00,-11.431,-12.152,312.079,315.734,1.045,264.334,0.917,0.0,5.21,100.256,-2.933,0.0,7.698,-7.639,-0.556,0.004,2.972,-5.962,1.962
2020-12-11 13:00:00,-3.509,-7.343,311.058,316.024,1.355,242.325,0.917,0.0,5.215,100.269,-1.132,-1.249,21.137,-6.729,0.342,0.009,6.13,0.471,6.519
2020-12-11 13:30:00,18.671,5.279,305.139,316.039,0.967,236.666,0.921,0.0,5.21,100.265,2.491,0.225,71.757,-6.821,0.237,0.01,6.866,10.248,4.245
2020-12-11 14:00:00,40.446,17.134,304.83,317.284,0.904,262.027,0.921,0.0,5.224,100.241,10.857,0.421,7.541,-7.204,-0.158,0.006,4.39,1.996,2.5
2020-12-11 14:30:00,65.378,31.579,300.855,318.562,0.722,247.571,0.92,0.0,5.225,100.225,16.092,0.463,5.712,-7.687,-0.653,-0.001,-0.469,-2.222,17.253
2020-12-11 15:00:00,104.878,56.213,301.021,319.041,0.716,194.529,0.904,0.0,5.221,100.187,30.645,0.536,-0.072,-7.169,-0.146,0.0,0.159,0.726,17.719
2020-12-11 15:30:00,107.73,58.182,302.836,319.711,0.651,211.634,0.911,0.0,5.229,100.138,32.673,0.54,-7.186,-6.68,0.331,-0.007,-5.009,-8.677,15.959
2020-12-11 16:00:00,138.185,72.912,306.323,320.761,1.305,208.502,0.906,0.0,5.231,100.102,50.835,0.528,94.178,-7.674,-0.674,0.017,12.026,30.574,13.016
2020-12-11 16:30:00,158.406,81.395,309.201,321.583,1.242,209.419,0.9,0.0,5.235,100.082,64.629,0.514,87.319,-7.085,-0.096,0.014,9.75,36.356,14.772
2020-12-11 17:00:00,188.031,93.554,305.246,322.376,1.316,217.456,0.899,0.0,5.238,100.058,77.347,0.497,50.041,-6.287,0.691,0.013,8.787,34.978,13.547
2020-12-11 17:30:00,222.739,102.525,295.091,323.543,0.911,204.197,0.888,0.0,5.237,100.013,91.762,0.46,9.369,-8.652,-1.684,0.008,5.71,22.47,17.751
2020-12-11 18:00:00,201.614,88.214,297.562,323.847,0.986,203.29,0.911,0.0,5.238,100.015,87.116,0.438,0.534,-5.536,1.42,0.011,7.74,18.429,16.688
2020-12-11 18:30:00,164.0,70.725,305.158,324.215,0.737,202.134,0.921,0.0,5.24,100.008,74.218,0.43,3.295,-4.11,2.836,0.005,3.217,12.137,16.461
2020-12-11 19:00:00,101.402,41.878,308.419,322.97,0.794,219.513,0.992,0.0,5.238,100.006,44.973,0.413,9.141,-3.83,3.104,0.005,3.33,5.731,3.716
2020-12-11 19:30:00,64.628,25.68,313.813,322.186,0.97,239.741,1.019,0.0,5.244,100.027,30.576,0.396,7.847,-5.296,1.626,0.005,3.711,-2.743,5.162
2020-12-11 20:00:00,31.77,8.565,309.994,320.664,0.981,248.631,1.044,0.0,5.245,100.054,12.534,0.249,10.06,-5.845,1.066,0.004,2.644,-9.554,10.201
2020-12-11 20:30:00,16.792,1.46,304.816,321.159,0.987,263.64,1.048,0.0,5.249,100.072,-1.012,0.083,0.955,-7.418,-0.516,0.001,0.428,-9.026,8.742
2020-12-11 21:00:00,-0.405,-5.034,312.665,321.023,0.945,264.746,1.036,0.0,5.255,100.093,-3.729,-0.412,0.678,-8.322,-1.43,0.0,0.207,-14.663,9.23
2020-12-11 21:30:00,-12.949,-10.543,320.995,320.978,1.12,269.529,1.003,0.0,5.252,100.122,-2.39,0.0,1.267,-8.347,-1.464,0.001,0.379,-19.023,9.264
2020-12-11 22:00:00,-14.132,-11.396,315.141,320.746,1.17,267.522,0.992,0.0,5.259,100.153,-8.342,0.0,0.97,-6.779,0.094,0.001,0.75,-23.832,7.559
2020-12-11 22:30:00,-13.68,-11.15,316.116,320.848,1.074,267.534,0.984,0.0,5.264,100.17,-7.263,0.0,1.421,-8.268,-1.405,0.002,1.192,-29.429,5.988
2020-12-11 23:00:00,-12.61,-11.447,322.324,321.014,0.856,269.134,0.972,0.0,5.273,100.199,0.147,0.0,0.943,-7.008,-0.155,-0.0,-0.078,-15.621,8.483
2020-12-11 23:30:00,-11.783,-11.835,323.325,321.317,0.762,275.737,0.964,0.0,5.275,100.239,2.06,0.0,0.768,-7.184,-0.34,0.0,0.119,-13.392,2.592
2020-12-12 00:00:00,-11.474,-12.549,322.998,321.305,0.525,318.138,0.97,0.0,5.285,100.256,2.768,0.0,0.663,-5.946,0.888,-0.002,-1.354,-5.321,3.612
2020-12-12 00:30:00,-12.41,-11.75,322.459,321.207,0.633,300.541,0.985,0.0,5.278,100.319,0.592,0.0,0.08,-6.062,0.716,0.0,0.069,-0.932,5.732
2020-12-12 01:00:00,-11.041,-10.746,323.632,320.931,0.507,285.411,0.985,0.0,5.29,100.322,2.406,0.0,0.63,-7.157,-0.299,-0.0,-0.34,-2.33,4.602
2020-12-12 01:30:00,-12.221,-13.135,323.661,321.288,0.837,306.099,0.976,0.0,5.298,100.331,3.286,0.0,2.32,-8.661,-1.739,0.009,6.144,-26.215,16.463
2020-12-12 02:00:00,-13.181,-12.772,323.881,321.044,1.001,308.352,0.961,0.0,5.302,100.358,2.428,0.0,2.099,-6.291,0.639,0.003,1.875,-19.83,13.632
2020-12-12 02:30:00,-14.531,-12.887,322.973,320.72,1.874,293.957,0.966,0.0,5.295,100.38,0.609,0.0,-1.274,-5.948,0.98,0.008,5.242,-4.001,11.779
2020-12-12 03:00:00,-12.826,-12.837,320.201,319.315,1.585,260.058,0.996,0.0,5.305,100.402,0.896,0.0,0.538,-5.478,1.443,0.006,4.169,-16.033,6.394
2020-12-12 03:30:00,-12.33,-12.808,318.905,319.092,0.799,168.21,1.005,0.0,5.307,100.446,0.291,0.0,0.61,-7.082,-0.168,0.001,0.486,-4.716,23.27
2020-12-12 04:00:00,-12.552,-12.654,317.349,318.907,0.689,208.396,1.001,0.0,5.309,100.465,-1.456,0.0,3.58,-7.172,-0.267,0.007,4.503,-21.959,4.098
2020-12-12 04:30:00,-12.258,-13.271,315.811,318.749,0.701,224.968,0.998,0.0,5.309,100.503,-1.924,0.0,0.279,-6.995,-0.098,0.004,3.063,3.999,1.88
2020-12-12 05:00:00,-12.838,-13.065,317.447,318.974,1.075,253.437,0.984,0.0,5.31,100.509,-1.3,0.0,8.816,-9.247,-2.359,0.013,9.289,-49.114,12.729
2020-12-12 05:30:00,-11.788,-12.248,319.02,319.917,1.723,12.981,0.927,0.0,5.317,100.539,-0.437,0.0,0.881,-8.59,-1.71,0.008,5.595,-19.335,14.883
2020-12-12 06:00:00,-12.564,-12.465,315.409,319.951,1.907,330.444,0.942,0.0,5.318,100.579,-4.641,0.0,-0.509,-4.904,1.967,0.011,7.733,-10.375,12.713
2020-12-12 06:30:00,-12.431,-11.855,307.565,319.412,1.941,352.015,0.972,0.0,5.33,100.598,-12.423,0.0,0.623,-5.166,1.695,0.011,7.341,-21.759,11.615
2020-12-12 07:00:00,-11.85,-11.226,307.66,318.819,2.359,347.321,0.997,0.0,5.341,100.637,-11.783,0.0,1.334,-6.22,0.632,0.014,9.535,-28.984,13.881
2020-12-12 07:30:00,-12.325,-11.82,299.191,318.301,1.978,13.865,1.006,0.0,5.359,100.673,-19.614,0.0,0.816,-5.642,1.201,0.01,6.714,-20.564,11.919
2020-12-12 08:00:00,-12.309,-11.196,288.089,316.783,2.397,31.096,1.024,0.0,5.36,100.68,-29.808,0.0,-1.315,-5.522,1.312,0.012,8.118,-2.541,13.119
2020-12-12 08:30:00,-12.242,-10.824,287.053,315.227,1.939,48.216,1.049,0.0,5.378,100.722,-29.593,0.0,1.5,-6.56,0.265,0.008,5.65,-12.425,13.898
2020-12-12 09:00:00,-11.89,-11.368,299.319,315.18,2.099,41.396,1.026,0.0,5.38,100.74,-16.383,0.0,0.879,-8.671,-1.855,0.009,6.235,-6.328,12.478
2020-12-12 09:30:00,-10.743,-10.537,302.464,314.607,2.664,29.741,1.001,0.0,5.381,100.698,-12.348,0.0,0.146,-7.955,-1.147,0.011,7.948,-11.442,14.504
2020-12-12 10:00:00,-10.312,-10.088,300.996,313.93,3.022,22.482,0.989,0.0,5.389,100.699,-13.159,0.0,2.382,-7.067,-0.267,0.03,20.568,-20.401,13.66
2020-12-12 10:30:00,-10.058,-9.857,301.018,313.332,2.82,21.868,0.988,0.0,5.412,100.72,-12.516,0.0,1.585,-7.051,-0.26,0.028,19.155,-20.812,13.51
2020-12-12 11:00:00,-10.378,-10.743,307.241,313.815,2.368,26.162,0.978,0.0,5.419,100.75,-6.209,0.0,1.149,-7.252,-0.47,0.024,16.597,-17.376,13.544
2020-12-12 11:30:00,-10.442,-10.839,308.42,313.812,2.363,25.127,0.974,0.0,5.432,100.795,-4.995,0.0,1.515,-7.018,-0.246,0.026,17.955,-18.946,13.234
2020-12-12 12:00:00,-10.574,-10.969,306.811,313.459,2.53,17.357,0.97,0.0,5.437,100.837,-6.252,0.0,2.698,-6.413,0.351,0.029,20.23,-34.151,13.597
2020-12-12 12:30:00,-9.756,-10.09,302.11,312.237,2.89,9.656,0.988,0.0,5.45,100.793,-9.793,0.0,0.593,-6.203,0.552,0.03,20.734,-20.793,14.154
2020-12-12 13:00:00,-1.127,-6.287,302.145,312.1,3.259,22.955,0.976,0.0,5.453,100.78,-4.795,-0.943,2.183,-7.132,-0.385,0.033,23.044,-43.464,14.306
2020-12-12 13:30:00,22.447,2.469,300.555,312.489,3.854,21.225,0.969,0.0,5.461,100.777,8.044,0.095,2.238,-8.459,-1.72,0.039,26.846,-52.354,13.988
2020-12-12 14:00:00,34.705,7.086,299.229,312.993,3.47,25.368,0.956,0.0,5.471,100.78,13.854,0.183,3.373,-5.341,1.389,0.044,30.663,-58.434,13.397
2020-12-12 14:30:00,39.314,9.455,294.93,312.499,3.862,27.219,0.973,0.0,5.486,100.758,12.289,0.238,1.733,-5.889,0.831,0.033,22.866,-41.505,12.871
2020-12-12 15:00:00,52.674,16.239,293.986,313.371,3.319,20.322,0.986,0.0,5.504,100.745,17.049,0.303,1.641,-6.804,-0.092,0.028,19.642,-33.091,13.388
2020-12-12 15:30:00,79.655,29.159,296.112,316.27,3.509,12.284,0.928,0.0,5.507,100.708,30.338,0.367,0.466,-10.58,-3.876,0.019,13.013,-36.321,13.508
2020-12-12 16:00:00,85.991,30.036,310.116,317.3,3.642,20.843,0.937,0.0,5.515,100.622,48.772,0.349,-0.694,-4.404,2.291,0.013,8.932,-28.962,13.094
2020-12-12 16:30:00,56.231,19.05,316.692,316.775,3.612,22.721,0.974,0.0,5.523,100.592,37.098,0.337,-0.757,-5.508,1.178,0.009,6.492,-23.574,13.487
2020-12-12 17:00:00,27.651,4.297,320.404,317.645,2.936,6.342,0.966,0.0,5.531,100.528,26.114,0.142,-0.329,-7.793,-1.116,0.005,3.679,-28.743,12.462
2020-12-12 17:30:00,37.042,6.203,321.819,318.572,2.879,358.424,0.956,0.0,5.538,100.447,34.086,0.156,0.786,-6.499,0.17,0.02,13.755,-17.079,12.659
2020-12-12 18:00:00,111.416,34.613,309.233,319.089,3.345,25.082,0.967,0.0,5.543,100.382,66.948,0.298,-0.225,-6.058,0.602,0.015,10.339,-7.127,13.425
2020-12-12 19:00:00,100.597,32.32,305.604,318.712,3.342,17.725,0.971,0.0,5.562,100.246,55.168,0.32,0.447,-8.038,-1.395,0.014,9.769,-12.091,12.867
2020-12-12 19:30:00,64.013,19.356,311.002,318.864,3.592,21.056,0.968,0.0,5.568,100.186,36.797,0.302,0.785,-5.998,0.635,0.018,12.134,-19.463,14.287
2020-12-12 20:00:00,29.75,4.942,317.042,318.785,3.438,21.236,0.962,0.0,5.579,100.141,23.065,0.108,0.412,-7.132,-0.507,0.008,5.344,-29.285,12.701
2020-12-12 20:30:00,13.711,-2.93,315.553,319.68,3.243,17.858,0.962,0.0,5.585,100.104,12.514,-0.236,0.469,-5.834,0.782,0.007,4.569,-42.566,13.365
2020-12-12 21:00:00,1.31,-6.421,316.537,320.107,3.459,34.779,0.962,0.0,5.593,100.073,4.162,-1.727,0.256,-7.881,-1.274,-0.003,-2.321,-62.281,12.491
2020-12-12 21:30:00,-7.011,-8.381,323.767,321.244,3.856,40.454,0.928,0.0,5.594,100.03,3.892,0.0,1.108,-7.684,-1.085,0.01,6.954,-21.456,14.612
2020-12-12 22:00:00,-8.995,-9.918,328.914,322.028,3.466,30.426,0.941,0.0,5.594,99.98,7.809,0.0,0.341,-4.996,1.594,0.004,2.727,-50.751,14.412
2020-12-12 22:30:00,-10.669,-10.039,332.015,322.402,3.042,35.366,0.982,0.0,5.606,99.932,8.983,0.0,1.935,-4.35,2.232,0.003,2.297,-41.136,13.63
2020-12-12 23:00:00,-11.181,-8.372,333.867,322.574,3.01,31.996,1.012,0.0,5.614,99.883,8.484,0.0,2.291,-4.628,1.945,0.02,13.948,-54.842,14.587
2020-12-12 23:30:00,-11.714,-8.606,331.958,322.56,2.946,24.878,1.022,0.0,5.636,99.826,6.29,0.0,7.414,-8.024,-1.458,-0.005,-3.561,-53.548,14.425
2020-12-13 00:00:00,-11.238,-9.966,332.207,323.047,2.766,27.639,0.99,0.0,5.647,99.783,7.888,0.0,1.339,-8.054,-1.495,0.01,7.099,-60.289,14.471
2020-12-13 00:30:00,-9.939,-10.483,333.61,324.214,2.606,23.254,0.966,0.0,5.665,99.742,9.939,0.0,-5.487,-6.859,-0.408,0.024,16.687,-58.524,13.077
2020-12-13 01:00:00,-10.528,-11.177,333.769,324.605,2.696,29.218,0.974,0.0,5.692,99.65,9.814,0.0,0.81,-6.63,-0.163,0.004,2.502,-49.073,14.653
2020-12-13 01:30:00,-9.963,-11.405,335.612,325.58,2.205,27.908,0.961,0.0,5.735,99.631,11.474,0.0,1.712,-7.251,-0.709,0.0,0.118,-44.473,14.988
2020-12-13 02:00:00,-12.238,-11.795,336.294,326.768,2.123,24.576,0.966,0.0,5.795,99.616,9.083,0.0,1.174,-4.499,2.068,-0.01,-7.076,-41.253,13.785
2020-12-13 02:30:00,-14.017,-9.446,338.898,327.892,2.022,22.201,0.992,0.0,5.87,99.599,6.435,0.0,30.564,-5.377,1.211,0.093,64.255,-41.823,10.966
2020-12-13 03:00:00,-11.286,-7.441,339.029,328.195,1.83,29.103,1.006,0.0,5.98,99.543,6.989,0.0,-4.644,-6.272,0.336,-0.047,-32.254,-33.527,14.126
2020-12-13 03:30:00,-10.286,-7.854,340.573,328.439,1.49,31.735,0.997,0.0,6.131,99.503,9.702,0.0,3.313,-7.241,-0.606,0.019,12.834,-21.192,13.156
2020-12-13 04:00:00,-10.757,-8.175,339.903,329.391,1.331,52.586,0.974,0.0,6.421,99.468,7.931,0.0,-0.735,-7.345,-0.67,0.013,9.065,-21.513,13.239
2020-12-13 04:30:00,-11.464,-9.981,338.587,329.934,1.212,34.363,0.965,0.0,6.804,99.428,7.17,0.0,3.604,-6.508,0.22,0.004,2.504,-17.163,14.93
2020-12-13 05:00:00,-11.504,-10.73,338.149,330.699,1.335,34.628,0.955,0.0,7.222,99.383,6.675,0.0,-1.366,-6.202,0.576,-0.002,-1.368,-20.081,15.224
2020-12-13 05:30:00,-11.247,-11.205,338.876,331.345,1.423,22.368,0.953,0.0,7.616,99.337,7.489,0.0,0.45,-6.479,0.335,-0.008,-5.724,-26.479,7.169
2020-12-13 06:00:00,-12.146,-11.621,339.368,331.84,0.972,347.728,0.952,0.0,7.97,99.309,7.003,0.0,0.488,-5.887,0.946,-0.004,-2.934,-9.549,14.392
2020-12-13 06:30:00,-11.978,-12.142,340.442,332.64,1.131,182.511,0.954,0.0,8.248,99.279,7.966,0.0,-4.581,-6.547,0.29,-0.02,-13.882,-20.835,18.177
2020-12-13 07:00:00,-13.831,-10.441,343.734,333.413,1.491,235.777,0.965,0.0,8.482,99.286,6.931,0.0,14.006,-5.592,1.241,0.065,45.12,-27.018,15.632
2020-12-13 07:30:00,-11.289,-8.833,345.75,333.35,1.184,232.957,0.977,0.0,8.681,99.286,9.944,0.0,-1.703,-5.35,1.473,-0.071,-49.051,-11.208,7.204
2020-12-13 08:00:00,-10.771,-8.701,344.263,334.178,0.982,247.143,0.979,0.0,8.898,99.25,8.016,0.0,32.381,-6.885,-0.075,-0.019,-12.948,-27.093,17.255
2020-12-13 08:30:00,-11.527,-9.203,335.689,334.503,1.12,260.143,0.98,0.0,9.137,99.199,-1.137,0.0,-0.725,-5.765,1.031,0.003,2.127,-13.088,15.593
2020-12-13 09:00:00,-11.47,-9.954,340.544,336.112,1.139,237.958,0.981,0.0,9.338,99.168,2.916,0.0,0.416,-6.838,-0.063,-0.012,-8.191,-20.9,15.734
2020-12-13 09:30:00,-12.442,-10.751,347.848,337.658,1.319,224.035,0.987,0.0,9.49,99.143,8.499,0.0,2.944,-5.632,1.109,0.013,8.691,-20.133,12.262
2020-12-13 10:00:00,-12.214,-9.418,350.839,338.209,1.187,229.926,1.003,0.0,9.604,99.119,9.835,0.0,,-5.007,1.687,,,,4.793
2020-12-13 10:30:00,-11.976,-9.709,350.246,339.028,1.347,204.242,1.025,0.0,9.726,99.104,8.952,0.0,,-5.14,1.489,,,,15.146
2020-12-13 11:00:00,-11.374,-9.68,350.965,340.083,1.342,199.869,1.046,0.0,9.819,99.094,9.189,0.0,-6.644,-4.749,1.788,0.005,3.217,-21.95,16.413
2020-12-13 11:30:00,-11.251,-10.052,349.519,340.399,1.359,213.029,1.073,0.0,9.934,99.069,7.921,0.0,1.317,-4.045,2.365,-0.009,-5.932,-11.955,13.091
2020-12-13 12:00:00,-14.009,-12.806,415.7,407.639,1.844,224.033,1.106,0.0,10.019,99.08,6.857,0.0,2.542,-3.239,2.994,-0.02,-13.718,-27.264,15.321
2020-12-13 12:30:00,-11.175,-10.494,340.741,340.591,2.1,221.928,1.158,0.0,10.095,99.11,-0.532,0.0,2.747,-1.466,4.534,-0.013,-9.238,-28.73,14.496
2020-12-13 13:00:00,-7.273,-10.275,335.695,339.687,2.019,226.232,1.221,0.0,10.126,99.14,-0.99,0.0,2.411,-2.204,3.517,-0.008,-5.482,-35.744,14.567
2020-12-13 13:30:00,-0.522,-9.463,336.447,340.263,2.192,228.961,1.255,0.0,10.187,99.164,5.125,-3.825,3.329,-3.381,2.031,0.024,16.813,-46.364,15.628
2020-12-13 14:00:00,43.546,-4.138,332.818,342.659,2.573,227.048,1.281,0.0,10.19,99.171,37.842,-0.292,2.141,-4.038,1.052,0.045,30.779,-49.491,15.74
2020-12-13 14:30:00,161.317,13.759,312.459,347.016,2.692,217.801,1.283,0.0,10.196,99.182,113.001,0.074,2.701,-7.075,-2.319,0.047,32.06,11.623,15.55
2020-12-13 15:00:00,85.533,6.31,332.595,346.605,3.784,208.119,1.383,0.0,10.198,99.19,65.213,0.072,-0.722,11.745,16.106,0.093,63.942,-25.239,15.877
2020-12-13 15:30:00,119.666,11.195,325.199,346.782,3.537,213.064,1.543,0.0,10.211,99.193,86.888,0.09,0.805,6.514,10.299,0.08,55.132,-18.023,16.013
2020-12-13 16:00:00,61.636,3.589,332.169,344.538,3.524,211.635,1.718,0.0,10.241,99.194,45.679,0.055,1.35,8.808,11.716,0.034,23.376,-37.552,16.204
2020-12-13 16:30:00,58.665,3.829,330.981,341.957,3.95,219.019,1.884,0.0,10.248,99.2,43.86,0.061,8.862,9.69,11.432,0.101,69.901,-34.779,16.475
2020-12-13 17:00:00,53.39,2.728,331.938,337.867,4.356,220.688,2.078,0.0,10.207,99.225,44.733,0.047,12.914,13.871,14.31,0.15,103.466,8.466,16.416
2020-12-13 17:30:00,127.767,11.251,316.181,335.086,4.377,221.422,2.204,0.0,10.199,99.258,97.611,0.078,-12.205,3.841,3.112,0.063,43.82,5.046,16.365
2020-12-13 18:00:00,156.666,15.479,306.492,334.76,4.432,219.659,2.24,0.0,10.2,99.277,112.919,0.098,0.529,5.841,4.203,0.086,59.409,10.28,16.782
2020-12-13 18:30:00,83.578,6.693,309.388,330.843,4.285,218.571,2.334,0.0,10.202,99.346,55.431,0.053,0.886,10.537,8.243,0.094,65.275,3.818,16.212
2020-12-13 19:00:00,13.44,-6.137,312.714,325.649,4.179,220.786,2.446,0.0,10.203,99.416,6.642,-0.484,0.841,9.548,6.749,0.055,37.873,19.794,16.746
2020-12-13 19:30:00,20.075,-5.78,310.06,322.566,4.483,220.73,2.522,0.0,10.191,99.495,13.35,-0.317,0.236,6.109,3.008,0.039,26.744,-17.638,16.406
2020-12-13 20:00:00,14.648,-6.41,306.95,320.389,3.736,221.427,2.535,0.0,10.14,99.567,7.62,-0.611,0.31,2.216,-0.832,0.037,25.451,6.312,15.602
2020-12-13 20:30:00,7.961,-7.355,304.004,318.422,3.692,219.539,2.516,0.0,10.133,99.651,0.898,-1.275,0.666,0.922,-1.741,0.047,32.537,-1.603,16.622
2020-12-13 21:00:00,-3.816,-8.239,303.631,316.286,3.988,218.594,2.489,0.0,10.085,99.726,-8.233,-1.538,-0.053,-0.563,-2.629,0.044,30.523,5.919,16.401
2020-12-13 21:30:00,-8.385,-8.766,302.331,314.429,4.346,222.251,2.455,0.0,10.062,99.793,-11.717,0.0,0.422,-0.826,-2.169,0.044,30.569,14.442,16.114
2020-12-13 22:00:00,-8.96,-8.668,299.338,313.253,3.818,221.298,2.401,0.0,10.021,99.857,-14.207,0.0,0.608,-4.718,-5.253,0.058,40.268,8.395,16.336
2020-12-13 22:30:00,-9.311,-8.808,296.794,312.563,3.442,223.346,2.328,0.0,9.992,99.888,-16.272,0.0,-0.259,-5.544,-5.228,0.041,28.184,6.899,16.455
2020-12-13 23:00:00,-10.95,-10.168,292.592,312.042,2.764,229.531,2.262,0.0,9.973,99.908,-20.232,0.0,0.673,-4.921,-3.768,0.044,30.282,9.221,16.611
2020-12-13 23:30:00,-10.466,-9.656,288.54,310.51,3.006,225.834,2.212,0.0,9.924,99.944,-22.78,0.0,0.181,-5.669,-3.744,0.028,19.516,6.998,16.359
2020-12-14 00:00:00,-11.674,-9.727,270.011,308.254,2.853,230.433,2.164,0.0,9.895,99.984,-40.19,0.0,0.371,-5.656,-3.046,0.031,21.349,3.868,16.847
2020-12-14 00:30:00,-11.821,-8.596,244.431,304.73,3.0,225.577,2.133,0.0,9.849,100.039,-63.524,0.0,0.5,-6.46,-3.298,0.033,23.181,-1.722,16.45
2020-12-14 01:00:00,-10.798,-8.343,259.86,304.756,2.996,227.264,2.05,0.0,9.807,100.049,-47.351,0.0,0.563,-9.499,-5.703,0.027,18.454,-3.513,15.808
2020-12-14 01:30:00,-9.852,-8.623,277.62,305.123,3.431,228.836,1.98,0.0,9.775,100.077,-28.732,0.0,0.689,-10.099,-5.747,0.032,21.982,10.874,17.091
2020-12-14 02:00:00,-9.416,-8.382,280.053,304.663,3.67,227.801,1.915,0.0,9.721,100.08,-25.644,0.0,1.045,-7.762,-2.967,0.04,27.781,18.04,16.866
2020-12-14 02:30:00,-10.016,-8.719,276.647,304.096,2.913,225.157,1.874,0.0,9.695,100.115,-28.746,0.0,0.865,-8.45,-3.278,0.033,23.204,9.947,15.798
2020-12-14 03:00:00,-10.664,-9.204,273.811,303.603,2.723,223.02,1.833,0.0,9.637,100.139,-31.252,0.0,0.462,-8.533,-3.041,0.025,17.71,8.917,16.302
2020-12-14 03:30:00,-10.798,-9.796,282.931,304.692,2.025,220.832,1.778,0.0,9.58,100.153,-22.763,0.0,0.097,-9.591,-3.828,0.015,10.384,6.245,17.073
2020-12-14 04:00:00,-11.636,-10.43,275.861,304.219,2.196,224.789,1.738,0.0,9.545,100.143,-29.563,0.0,0.613,-8.023,-2.031,0.023,15.786,8.011,17.155
2020-12-14 04:30:00,-11.288,-9.701,275.813,303.631,2.13,221.207,1.708,0.0,9.493,100.116,-29.406,0.0,0.652,-9.417,-3.233,0.017,11.68,4.176,16.466
2020-12-14 05:00:00,-10.666,-10.073,286.916,304.545,2.128,220.061,1.662,0.0,9.45,100.15,-18.222,0.0,0.083,-8.859,-2.514,0.015,10.174,7.606,16.6
2020-12-14 05:30:00,-11.381,-10.838,288.17,305.173,1.895,226.338,1.633,0.0,9.41,100.133,-17.546,0.0,0.1,-8.587,-2.105,0.011,7.54,5.316,17.828
2020-12-14 06:00:00,-11.103,-10.432,288.239,305.008,2.225,222.318,1.606,0.0,9.353,100.123,-17.44,0.0,0.507,-8.469,-1.872,0.014,10.074,4.816,16.832
2020-12-14 06:30:00,,,,,2.281,228.899,,0.0,9.298,100.08,,0.0,0.497,,-0.948,0.02,13.623,8.001,17.189
2020-12-14 07:00:00,-10.707,-9.755,283.428,303.958,2.692,229.393,1.567,0.0,9.273,100.08,-21.482,0.0,0.591,-8.29,-1.518,0.02,13.72,11.844,16.479
2020-12-14 07:30:00,-11.035,-10.07,284.392,303.651,2.372,229.195,1.553,0.0,9.216,100.09,-20.225,0.0,0.247,-8.082,-1.245,0.015,10.654,9.958,17.26
2020-12-14 08:00:00,-10.459,-9.772,286.532,303.487,2.764,226.473,1.53,0.0,9.18,100.135,-17.642,0.0,0.336,-8.745,-1.853,0.014,9.533,7.882,15.527
2020-12-14 08:30:00,-11.178,-9.985,281.643,302.948,2.189,234.345,1.511,0.0,9.135,100.098,-22.498,0.0,0.159,-7.48,-0.539,0.016,11.119,13.36,17.245
2020-12-14 09:00:00,-11.262,-10.173,283.882,302.654,1.954,234.229,1.499,0.0,9.076,100.085,-19.86,0.0,0.398,-8.804,-1.822,0.011,7.754,7.335,17.002
2020-12-14 09:30:00,-11.453,-10.392,285.783,303.362,1.21,242.845,1.474,0.0,9.052,100.071,-18.641,0.0,0.35,-8.94,-1.924,0.011,7.9,9.535,17.617
2020-12-14 10:00:00,-12.592,-11.619,286.905,303.414,1.443,240.582,1.454,0.0,9.001,100.101,-17.483,0.0,0.33,-7.959,-0.914,0.008,5.733,8.343,15.897
2020-12-14 10:30:00,-12.23,-10.527,286.423,302.925,1.454,235.347,1.44,0.0,8.956,100.128,-18.206,0.0,0.275,-8.465,-1.395,0.01,7.062,8.553,18.658
2020-12-14 11:00:00,-12.007,-11.103,286.674,303.612,0.907,238.895,1.418,0.0,8.914,100.104,-17.842,0.0,0.177,-8.534,-1.443,0.006,4.058,5.521,3.13
2020-12-14 11:30:00,-13.065,-11.065,286.794,303.446,1.184,243.216,1.401,0.0,8.865,100.085,-18.652,0.0,1.277,-8.065,-0.956,0.008,5.489,9.786,16.644
2020-12-14 12:00:00,-12.088,-10.813,287.144,304.145,0.871,282.788,1.385,0.0,8.841,100.053,-18.276,0.0,11.74,-8.686,-1.563,0.011,7.458,14.048,15.921
2020-12-14 12:30:00,-10.9,-10.384,287.6,304.942,0.609,297.622,1.366,0.0,8.791,100.056,-17.858,0.0,1.921,-8.195,-1.061,0.002,1.519,7.508,0.379
2020-12-14 13:00:00,-5.494,-10.456,288.149,305.54,0.428,47.552,1.351,0.0,8.751,100.043,-12.428,0.0,0.485,-8.244,-1.102,0.005,3.438,4.794,0.631
2020-12-14 13:30:00,1.809,-10.021,288.306,306.103,0.492,115.862,1.331,0.0,8.707,100.03,-5.968,-2.218,0.726,-8.634,-1.486,0.007,4.97,10.222,4.317
2020-12-14 14:00:00,15.569,-7.654,288.455,307.041,0.543,74.896,1.317,0.0,8.666,100.002,4.636,-0.567,0.021,-8.193,-1.041,0.008,5.754,13.5,1.606
2020-12-14 14:30:00,29.619,-6.797,288.988,308.196,0.79,48.387,1.305,0.0,8.65,99.981,17.208,-0.233,0.523,-7.81,-0.658,0.01,6.876,16.329,1.993
2020-12-14 15:00:00,55.009,-1.155,289.559,310.277,0.885,31.722,1.288,0.0,8.585,99.924,35.446,-0.039,0.812,-8.771,-1.625,0.008,5.315,13.312,2.205
2020-12-14 15:30:00,70.04,6.395,289.917,311.089,0.826,142.959,1.254,0.0,8.561,99.874,42.472,0.09,0.499,-8.934,-1.799,0.014,9.84,29.438,0.464
2020-12-14 16:00:00,71.901,7.14,289.709,311.463,0.66,145.652,1.253,0.0,8.509,99.813,43.007,0.098,1.011,-6.893,0.225,0.01,6.778,24.032,3.554
2020-12-14 16:30:00,85.098,8.841,290.063,312.103,0.728,130.659,1.261,0.0,8.485,99.744,54.217,0.102,-0.4,-7.664,-0.569,0.008,5.774,25.117,1.547
2020-12-14 17:00:00,91.477,9.754,290.357,312.831,0.721,203.518,1.255,0.0,8.476,99.707,59.248,0.106,-28.953,-7.289,-0.219,0.019,13.544,46.821,21.804
2020-12-14 17:30:00,91.35,9.516,290.522,313.295,0.717,157.119,1.247,0.0,8.43,99.666,59.061,0.104,0.695,-6.74,0.306,0.014,9.726,34.676,1.834
2020-12-14 18:00:00,68.248,6.335,290.622,312.299,0.602,149.782,1.259,0.0,8.38,99.624,40.237,0.092,0.472,-6.435,0.585,0.01,7.236,24.068,2.35
2020-12-14 18:30:00,41.845,-0.477,290.574,310.359,0.774,192.881,1.279,0.0,8.356,99.63,22.538,-0.027,3.241,-5.586,1.41,0.014,9.553,24.954,18.746
2020-12-14 19:00:00,43.052,-4.083,291.174,311.867,0.597,164.657,1.279,0.0,8.323,99.592,26.442,-0.135,-0.876,-8.383,-1.409,0.01,6.991,20.29,0.92
2020-12-14 19:30:00,59.032,3.326,289.254,312.058,0.715,197.734,1.264,0.0,8.294,99.522,32.902,0.056,-0.491,-7.46,-0.507,0.008,5.383,13.546,0.713
2020-12-14 20:00:00,55.174,3.738,263.835,308.801,0.839,183.841,1.285,0.0,8.283,99.508,6.469,0.067,6.39,-3.355,3.578,0.01,6.827,17.715,21.06
2020-12-14 20:30:00,34.977,-1.313,257.044,305.96,0.612,199.49,1.306,0.0,8.279,99.493,-12.625,-0.071,9.765,-7.421,-0.506,0.009,6.346,12.798,1.859
2020-12-14 21:00:00,7.722,-7.359,276.155,306.977,0.668,221.795,1.285,0.0,8.275,99.481,-15.741,-1.485,4.494,-9.124,-2.227,0.013,9.052,14.248,1.859
2020-12-14 21:30:00,-8.688,-9.092,268.045,304.103,0.392,205.644,1.286,0.0,8.244,99.458,-35.654,0.0,-1.035,-5.213,1.668,0.011,7.517,0.537,0.349
2020-12-14 22:00:00,-11.986,-10.083,260.54,301.668,0.473,351.267,1.309,0.0,8.185,99.441,-43.031,0.0,0.441,-6.943,-0.076,0.003,2.04,2.127,2.272
2020-12-14 22:30:00,-10.877,-9.139,283.362,304.34,0.389,257.005,1.27,0.0,8.162,99.431,-22.715,0.0,0.471,-10.743,-3.888,0.006,3.996,4.41,2.77
2020-12-14 23:00:00,-10.464,-10.012,286.634,304.989,0.354,141.689,1.232,0.0,8.149,99.404,-18.807,0.0,1.27,-7.669,-0.821,0.006,3.906,3.704,0.806
2020-12-14 23:30:00,-12.12,-10.047,289.558,305.116,0.631,247.508,1.225,0.0,8.133,99.402,-17.632,0.0,0.629,-8.029,-1.181,0.009,6.109,5.115,4.088
2020-12-15 00:00:00,-14.045,-10.948,298.952,303.5,0.888,214.923,1.207,0.0,8.096,99.402,-7.644,0.0,4.185,-7.139,-0.285,-0.015,-10.571,8.731,4.288
2020-12-15 00:30:00,-13.429,-11.078,299.45,302.283,1.011,217.988,1.221,0.0,8.083,99.39,-5.184,0.0,,-5.593,1.081,,,,5.331
2020-12-15 01:00:00,-13.361,-11.515,299.464,302.305,1.405,227.889,1.226,0.0,8.087,99.358,-4.687,0.0,,-7.31,-0.709,,,,16.788
2020-12-15 01:30:00,-13.224,-11.948,302.017,301.477,1.501,227.725,1.212,0.0,8.088,99.341,-0.736,0.0,,-6.572,0.1,,,,13.718
2020-12-15 02:00:00,-13.048,-12.253,301.865,301.966,1.609,221.286,1.209,0.0,8.052,99.354,-0.896,0.0,,-7.5,-0.817,,,,15.341
2020-12-15 02:30:00,-13.042,-12.174,299.348,302.595,1.651,224.354,1.202,0.0,7.994,99.377,-4.114,0.0,,-7.396,-0.717,,,,14.428
2020-12-15 03:00:00,-16.076,-12.248,250.542,294.798,1.524,226.753,1.242,0.0,7.949,99.404,-48.084,0.0,,0.767,7.436,,,,16.912
2020-12-15 03:30:00,-13.706,-8.538,217.137,291.397,2.869,227.097,1.28,0.0,7.932,99.43,-79.429,0.0,,-10.581,-3.924,,,,14.842
2020-12-15 04:00:00,-12.806,-7.488,211.708,289.771,2.797,224.635,1.245,0.0,7.898,99.457,-83.381,0.0,,-7.522,-0.879,,,,15.615
2020-12-15 04:30:00,-11.11,-6.889,222.481,290.807,3.708,227.492,1.226,0.0,7.88,99.483,-72.546,0.0,1.418,-9.415,-2.781,0.043,29.776,-51.54,16.425
2020-12-15 05:00:00,-11.304,-6.779,211.999,288.856,3.6,226.594,1.218,0.0,7.9,99.511,-81.383,0.0,1.039,-4.765,1.866,0.015,10.769,-32.888,16.025
2020-12-15 05:30:00,-10.429,-6.55,224.034,288.875,3.696,227.175,1.224,0.0,7.891,99.558,-68.72,0.0,1.59,-9.061,-2.426,0.037,25.481,-41.654,16.754
2020-12-15 06:00:00,-8.394,-7.155,267.761,293.787,4.004,230.071,1.157,0.0,7.852,99.611,-27.264,0.0,0.609,-9.479,-2.838,0.047,32.759,-18.448,16.798
2020-12-15 06:30:00,-11.463,-7.376,213.147,286.412,3.63,231.324,1.214,0.0,7.798,99.684,-77.352,0.0,0.111,0.23,6.878,0.047,32.729,-7.02,15.842
2020-12-15 07:00:00,-11.149,-7.265,210.949,283.926,4.058,231.43,1.251,0.0,7.755,99.778,-76.861,0.0,1.593,-6.159,0.498,0.045,31.397,-17.338,16.942
2020-12-15 07:30:00,-10.85,-6.183,196.585,278.855,4.035,234.773,1.276,0.0,7.723,99.898,-86.937,0.0,1.393,-6.708,-0.042,0.026,18.447,,17.642
2020-12-15 08:00:00,-11.41,-6.424,197.769,277.051,3.113,235.468,1.253,0.0,7.7,99.988,-84.268,0.0,,-8.116,-1.437,,,,14.975
2020-12-15 08:30:00,-11.152,-7.14,217.682,278.717,2.85,241.282,1.21,0.0,7.691,100.072,-65.048,0.0,,-9.096,-2.4,,,,17.139
2020-12-15 09:00:00,-12.165,-7.192,196.527,274.806,2.796,232.866,1.213,0.0,7.701,100.145,-83.252,0.0,0.673,-6.902,-0.182,0.011,7.816,-20.637,15.836
2020-12-15 09:30:00,-11.152,-6.625,199.662,274.471,2.92,232.14,1.183,0.0,7.681,100.183,-79.336,0.0,,-9.518,-2.769,,,,15.033
2020-12-15 10:00:00,-11.278,-6.323,190.502,272.578,3.301,237.635,1.16,0.0,7.633,100.208,-87.032,0.0,0.719,-7.847,-1.066,0.005,3.509,,16.322
2020-12-15 10:30:00,-10.901,-6.016,188.219,271.359,3.614,239.757,1.142,0.0,7.574,100.265,-88.024,0.0,,-7.454,-0.636,,,,17.528
2020-12-15 11:00:00,-11.007,-6.129,187.735,270.016,3.278,236.023,1.136,0.0,7.519,100.348,-87.159,0.0,,-7.544,-0.689,,,,16.08
2020-12-15 11:30:00,-10.711,-5.94,186.413,269.034,3.327,234.266,1.117,0.0,7.497,100.425,-87.393,0.0,,-7.67,-0.772,,,,16.421
2020-12-15 12:00:00,-11.363,-6.415,190.678,268.794,2.745,238.553,1.114,0.0,7.5,100.483,-83.063,0.0,,-7.803,-0.86,,,,16.855
2020-12-15 12:30:00,-8.539,-5.842,183.231,265.956,3.795,244.133,1.12,0.0,7.467,100.566,-85.422,0.0,53.247,-4.995,1.996,0.0,0.027,26.442,16.374
